381,structure_1
395,structure_2
497,structure_3
382,structure_1
396,structure_2
498,structure_3
383,structure_1
397,structure_2
499,structure_3
384,structure_1
398,structure_2
500,structure_3
385,structure_1
399,structure_2
501,structure_3
400,structure_2
502,structure_3
401,structure_2
503,structure_3
402,structure_2
504,structure_3
386,structure_1
403,structure_2
505,structure_3
404,structure_2
506,structure_3
405,structure_2
507,structure_3
406,structure_2
508,structure_3
509,structure_3
407,structure_2
510,structure_3
511,structure_3
408,structure_2
512,structure_3
387,structure_1
409,structure_2
513,structure_3
514,structure_3
410,structure_2
515,structure_3
411,structure_2
516,structure_3
412,structure_2
517,structure_3
518,structure_3
413,structure_2
519,structure_3
414,structure_2
520,structure_3
521,structure_3
415,structure_2
522,structure_3
523,structure_3
524,structure_3
388,structure_1
416,structure_2
525,structure_3
417,structure_2
526,structure_3
418,structure_2
527,structure_3
389,structure_1
419,structure_2
528,structure_3
420,structure_2
529,structure_3
530,structure_3
421,structure_2
531,structure_3
532,structure_3
422,structure_2
533,structure_3
534,structure_3
423,structure_2
535,structure_3
536,structure_3
424,structure_2
537,structure_3
538,structure_3
539,structure_3
425,structure_2
540,structure_3
541,structure_3
542,structure_3
543,structure_3
544,structure_3
426,structure_2
545,structure_3
427,structure_2
546,structure_3
428,structure_2
547,structure_3
429,structure_2
548,structure_3
549,structure_3
430,structure_2
550,structure_3
551,structure_3
552,structure_3
553,structure_3
431,structure_2
554,structure_3
555,structure_3
432,structure_2
556,structure_3
433,structure_2
557,structure_3
558,structure_3
434,structure_2
559,structure_3
560,structure_3
435,structure_2
561,structure_3
436,structure_2
562,structure_3
437,structure_2
563,structure_3
564,structure_3
565,structure_3
566,structure_3
567,structure_3
438,structure_2
568,structure_3
569,structure_3
570,structure_3
439,structure_2
571,structure_3
572,structure_3
573,structure_3
574,structure_3
575,structure_3
576,structure_3
440,structure_2
577,structure_3
441,structure_2
578,structure_3
442,structure_2
579,structure_3
580,structure_3
443,structure_2
581,structure_3
582,structure_3
583,structure_3
390,structure_1
444,structure_2
584,structure_3
445,structure_2
585,structure_3
446,structure_2
586,structure_3
587,structure_3
447,structure_2
588,structure_3
589,structure_3
590,structure_3
448,structure_2
591,structure_3
592,structure_3
593,structure_3
594,structure_3
449,structure_2
595,structure_3
450,structure_2
596,structure_3
597,structure_3
451,structure_2
598,structure_3
599,structure_3
600,structure_3
601,structure_3
602,structure_3
603,structure_3
452,structure_2
604,structure_3
605,structure_3
606,structure_3
607,structure_3
608,structure_3
609,structure_3
453,structure_2
610,structure_3
611,structure_3
612,structure_3
613,structure_3
614,structure_3
454,structure_2
615,structure_3
391,structure_1
455,structure_2
616,structure_3
456,structure_2
617,structure_3
618,structure_3
457,structure_2
619,structure_3
620,structure_3
458,structure_2
621,structure_3
622,structure_3
623,structure_3
624,structure_3
625,structure_3
459,structure_2
626,structure_3
627,structure_3
628,structure_3
460,structure_2
629,structure_3
630,structure_3
631,structure_3
632,structure_3
633,structure_3
634,structure_3
635,structure_3
461,structure_2
636,structure_3
637,structure_3
638,structure_3
639,structure_3
640,structure_3
641,structure_3
642,structure_3
643,structure_3
644,structure_3
645,structure_3
462,structure_2
646,structure_3
647,structure_3
392,structure_1
463,structure_2
648,structure_3
464,structure_2
649,structure_3
465,structure_2
650,structure_3
651,structure_3
652,structure_3
466,structure_2
653,structure_3
467,structure_2
654,structure_3
655,structure_3
656,structure_3
657,structure_3
658,structure_3
659,structure_3
660,structure_3
661,structure_3
468,structure_2
662,structure_3
469,structure_2
663,structure_3
664,structure_3
665,structure_3
666,structure_3
667,structure_3
668,structure_3
669,structure_3
670,structure_3
470,structure_2
671,structure_3
672,structure_3
673,structure_3
674,structure_3
675,structure_3
471,structure_2
676,structure_3
677,structure_3
472,structure_2
678,structure_3
679,structure_3
680,structure_3
681,structure_3
682,structure_3
683,structure_3
473,structure_2
684,structure_3
685,structure_3
686,structure_3
474,structure_2
687,structure_3
475,structure_2
688,structure_3
689,structure_3
690,structure_3
691,structure_3
692,structure_3
693,structure_3
694,structure_3
476,structure_2
695,structure_3
696,structure_3
697,structure_3
477,structure_2
698,structure_3
393,structure_1
478,structure_2
699,structure_3
479,structure_2
700,structure_3
701,structure_3
702,structure_3
480,structure_2
703,structure_3
481,structure_2
704,structure_3
705,structure_3
482,structure_2
706,structure_3
707,structure_3
708,structure_3
483,structure_2
709,structure_3
710,structure_3
484,structure_2
711,structure_3
712,structure_3
713,structure_3
714,structure_3
485,structure_2
715,structure_3
716,structure_3
717,structure_3
718,structure_3
719,structure_3
720,structure_3
721,structure_3
722,structure_3
723,structure_3
486,structure_2
724,structure_3
725,structure_3
726,structure_3
727,structure_3
728,structure_3
729,structure_3
730,structure_3
731,structure_3
487,structure_2
732,structure_3
394,structure_1
488,structure_2
733,structure_3
489,structure_2
734,structure_3
490,structure_2
735,structure_3
736,structure_3
737,structure_3
738,structure_3
491,structure_2
739,structure_3
740,structure_3
492,structure_2
741,structure_3
742,structure_3
493,structure_2
743,structure_3
494,structure_2
744,structure_3
745,structure_3
746,structure_3
747,structure_3
495,structure_2
748,structure_3
749,structure_3
750,structure_3
751,structure_3
752,structure_3
496,structure_2
753,structure_3
754,structure_3
