2,single_node
3,single_node
4,single_node
5,single_node
6,single_node
7,single_node
8,single_node
9,single_node
10,single_node
11,single_node
12,single_node
13,single_node
14,single_node
15,single_node
16,single_node
17,single_node
18,single_node
19,single_node
20,single_node
21,single_node
22,single_node
23,single_node
24,single_node
25,single_node
26,single_node
27,single_node
28,single_node
29,single_node
30,single_node
31,single_node
32,single_node
33,single_node
34,single_node
35,single_node
36,single_node
37,single_node
38,single_node
39,single_node
40,single_node
41,single_node
42,single_node
43,single_node
44,single_node
45,single_node
46,single_node
47,single_node
48,single_node
49,single_node
50,single_node
51,single_node
52,single_node
53,single_node
54,single_node
55,single_node
56,single_node
57,single_node
58,single_node
59,single_node
60,single_node
61,single_node
62,single_node
63,single_node
64,single_node
65,single_node
66,single_node
67,single_node
68,single_node
69,single_node
70,single_node
71,single_node
72,single_node
73,single_node
74,single_node
75,single_node
76,single_node
77,single_node
78,single_node
79,single_node
80,single_node
81,single_node
82,single_node
83,single_node
84,single_node
85,single_node
86,single_node
87,single_node
88,single_node
89,single_node
90,single_node
91,single_node
92,single_node
93,single_node
94,single_node
95,single_node
96,single_node
97,single_node
98,single_node
99,single_node
100,single_node
101,single_node
102,single_node
103,single_node
104,single_node
105,single_node
106,single_node
107,single_node
108,single_node
109,single_node
110,single_node
111,single_node
112,single_node
113,single_node
114,single_node
115,single_node
116,single_node
117,single_node
118,single_node
119,single_node
120,single_node
121,single_node
122,single_node
123,single_node
124,single_node
125,single_node
126,single_node
127,single_node
128,single_node
129,single_node
130,single_node
131,single_node
132,single_node
133,single_node
134,single_node
135,single_node
136,single_node
137,single_node
138,single_node
139,single_node
140,single_node
141,single_node
142,single_node
143,single_node
144,single_node
145,single_node
146,single_node
147,single_node
148,single_node
149,single_node
150,single_node
151,single_node
152,single_node
153,single_node
154,single_node
155,single_node
156,single_node
157,single_node
158,single_node
159,single_node
160,single_node
161,single_node
162,single_node
163,single_node
164,single_node
165,single_node
166,single_node
167,single_node
168,single_node
169,single_node
170,single_node
171,single_node
172,single_node
173,single_node
174,single_node
175,single_node
176,single_node
177,single_node
178,single_node
179,single_node
180,single_node
181,single_node
182,single_node
183,single_node
184,single_node
185,single_node
186,single_node
187,single_node
188,single_node
189,single_node
190,single_node
191,single_node
192,single_node
193,single_node
194,single_node
195,single_node
196,single_node
197,single_node
198,single_node
199,single_node
200,single_node
201,single_node
202,single_node
203,single_node
204,single_node
205,single_node
206,single_node
207,single_node
208,single_node
209,single_node
210,single_node
211,single_node
212,single_node
213,single_node
214,single_node
215,single_node
216,single_node
217,single_node
218,single_node
219,single_node
220,single_node
221,single_node
222,single_node
223,single_node
224,single_node
225,single_node
226,single_node
227,single_node
228,single_node
229,single_node
230,single_node
231,single_node
232,single_node
233,single_node
234,single_node
235,single_node
236,single_node
237,single_node
238,single_node
239,single_node
240,single_node
241,single_node
242,single_node
243,single_node
244,single_node
245,single_node
246,single_node
247,single_node
248,single_node
249,single_node
250,single_node
251,single_node
252,single_node
253,single_node
254,single_node
255,single_node
256,single_node
257,single_node
258,single_node
259,single_node
260,single_node
261,single_node
262,single_node
263,single_node
264,single_node
265,single_node
266,single_node
267,single_node
268,single_node
269,single_node
270,single_node
271,single_node
272,single_node
273,single_node
274,single_node
275,single_node
276,single_node
277,single_node
278,single_node
279,single_node
280,single_node
281,single_node
282,single_node
283,single_node
284,single_node
285,single_node
286,single_node
287,single_node
288,single_node
289,single_node
290,single_node
291,single_node
292,single_node
293,single_node
294,single_node
295,single_node
296,single_node
297,single_node
298,single_node
299,single_node
300,single_node
301,single_node
302,single_node
303,single_node
304,single_node
305,single_node
306,single_node
307,single_node
308,single_node
309,single_node
310,single_node
311,single_node
312,single_node
313,single_node
314,single_node
315,single_node
316,single_node
317,single_node
318,single_node
319,single_node
320,single_node
321,single_node
322,single_node
323,single_node
324,single_node
325,single_node
326,single_node
327,single_node
328,single_node
329,single_node
330,single_node
331,single_node
332,single_node
333,single_node
334,single_node
335,single_node
336,single_node
337,single_node
338,single_node
339,single_node
340,single_node
341,single_node
342,single_node
343,single_node
344,single_node
345,single_node
346,single_node
347,single_node
348,single_node
349,single_node
350,single_node
351,single_node
352,single_node
353,single_node
354,single_node
355,single_node
356,single_node
357,single_node
358,single_node
359,single_node
360,single_node
361,single_node
362,single_node
363,single_node
364,single_node
365,single_node
366,single_node
367,single_node
368,single_node
369,single_node
370,single_node
371,single_node
372,single_node
373,single_node
374,single_node
375,single_node
376,single_node
377,single_node
378,single_node
379,single_node
380,single_node
381,single_node
382,single_node
383,single_node
384,single_node
385,single_node
386,single_node
387,single_node
388,single_node
389,single_node
390,single_node
391,single_node
392,single_node
393,single_node
394,single_node
395,single_node
396,single_node
397,single_node
398,single_node
399,single_node
400,single_node
401,single_node
402,single_node
403,single_node
404,single_node
405,single_node
406,single_node
407,single_node
408,single_node
409,single_node
410,single_node
411,single_node
412,single_node
413,single_node
414,single_node
415,single_node
416,single_node
417,single_node
418,single_node
419,single_node
420,single_node
421,single_node
422,single_node
423,single_node
424,single_node
425,single_node
426,single_node
427,single_node
428,single_node
429,single_node
430,single_node
431,single_node
432,single_node
433,single_node
434,single_node
435,single_node
436,single_node
437,single_node
438,single_node
439,single_node
440,single_node
441,single_node
442,single_node
443,single_node
444,single_node
445,single_node
446,single_node
447,single_node
448,single_node
449,single_node
450,single_node
451,single_node
452,single_node
453,single_node
454,single_node
455,single_node
456,single_node
457,single_node
458,single_node
459,single_node
460,single_node
461,single_node
462,single_node
463,single_node
464,single_node
465,single_node
466,single_node
467,single_node
468,single_node
469,single_node
470,single_node
471,single_node
472,single_node
473,single_node
474,single_node
475,single_node
476,single_node
477,single_node
478,single_node
479,single_node
480,single_node
481,single_node
482,single_node
483,single_node
484,single_node
485,single_node
486,single_node
487,single_node
488,single_node
489,single_node
490,single_node
491,single_node
492,single_node
493,single_node
494,single_node
495,single_node
496,single_node
497,single_node
498,single_node
499,single_node
500,single_node
501,single_node
502,single_node
503,single_node
504,single_node
505,single_node
506,single_node
507,single_node
508,single_node
509,single_node
510,single_node
511,single_node
512,single_node
513,single_node
514,single_node
515,single_node
516,single_node
517,single_node
518,single_node
519,single_node
520,single_node
521,single_node
522,single_node
523,single_node
524,single_node
525,single_node
526,single_node
527,single_node
528,single_node
529,single_node
530,single_node
531,single_node
532,single_node
533,single_node
534,single_node
535,single_node
536,single_node
537,single_node
538,single_node
539,single_node
540,single_node
541,single_node
542,single_node
543,single_node
544,single_node
545,single_node
546,single_node
547,single_node
548,single_node
549,single_node
550,single_node
551,single_node
552,single_node
553,single_node
554,single_node
555,single_node
556,single_node
557,single_node
558,single_node
559,single_node
560,single_node
561,single_node
562,single_node
563,single_node
564,single_node
565,single_node
566,single_node
567,single_node
568,single_node
569,single_node
570,single_node
571,single_node
572,single_node
573,single_node
574,single_node
575,single_node
576,single_node
577,single_node
578,single_node
579,single_node
580,single_node
581,single_node
582,single_node
583,single_node
584,single_node
585,single_node
586,single_node
587,single_node
588,single_node
589,single_node
590,single_node
591,single_node
592,single_node
593,single_node
594,single_node
595,single_node
596,single_node
597,single_node
598,single_node
599,single_node
600,single_node
601,single_node
602,single_node
603,single_node
604,single_node
605,single_node
606,single_node
607,single_node
608,single_node
609,single_node
610,single_node
611,single_node
612,single_node
613,single_node
614,single_node
615,single_node
616,single_node
617,single_node
618,single_node
619,single_node
620,single_node
621,single_node
622,single_node
623,single_node
624,single_node
625,single_node
626,single_node
627,single_node
628,single_node
629,single_node
630,single_node
631,single_node
632,single_node
633,single_node
634,single_node
635,single_node
636,single_node
637,single_node
638,single_node
639,single_node
640,single_node
641,single_node
642,single_node
643,single_node
644,single_node
645,single_node
646,single_node
647,single_node
648,single_node
649,single_node
650,single_node
651,single_node
652,single_node
653,single_node
654,single_node
655,single_node
656,single_node
657,single_node
658,single_node
659,single_node
660,single_node
661,single_node
662,single_node
663,single_node
664,single_node
665,single_node
666,single_node
667,single_node
668,single_node
669,single_node
670,single_node
671,single_node
672,single_node
673,single_node
674,single_node
675,single_node
676,single_node
677,single_node
678,single_node
679,single_node
680,single_node
681,single_node
682,single_node
683,single_node
684,single_node
685,single_node
686,single_node
687,single_node
688,single_node
689,single_node
690,single_node
691,single_node
692,single_node
693,single_node
694,single_node
695,single_node
696,single_node
697,single_node
698,single_node
699,single_node
700,single_node
701,single_node
702,single_node
703,single_node
704,single_node
705,single_node
706,single_node
707,single_node
708,single_node
709,single_node
710,single_node
711,single_node
712,single_node
713,single_node
714,single_node
715,single_node
716,single_node
717,single_node
718,single_node
719,single_node
720,single_node
721,single_node
722,single_node
723,single_node
724,single_node
725,single_node
726,single_node
727,single_node
728,single_node
729,single_node
730,single_node
731,single_node
732,single_node
733,single_node
734,single_node
735,single_node
736,single_node
737,single_node
738,single_node
739,single_node
740,single_node
741,single_node
742,single_node
743,single_node
744,single_node
745,single_node
746,single_node
747,single_node
748,single_node
749,single_node
750,single_node
751,single_node
752,single_node
753,single_node
754,single_node
755,single_node
756,single_node
757,single_node
758,single_node
759,single_node
760,single_node
761,single_node
762,single_node
763,single_node
764,single_node
765,single_node
766,single_node
767,single_node
768,single_node
769,single_node
770,single_node
771,single_node
772,single_node
773,single_node
774,single_node
775,single_node
776,single_node
777,single_node
778,single_node
779,single_node
780,single_node
781,single_node
782,single_node
783,single_node
784,single_node
785,single_node
786,single_node
787,single_node
788,single_node
789,single_node
790,single_node
791,single_node
792,single_node
793,single_node
794,single_node
795,single_node
796,single_node
797,single_node
798,single_node
799,single_node
800,single_node
801,single_node
802,single_node
803,single_node
804,single_node
805,single_node
806,single_node
807,single_node
808,single_node
809,single_node
810,single_node
811,single_node
812,single_node
813,single_node
814,single_node
815,single_node
816,single_node
817,single_node
818,single_node
819,single_node
820,single_node
821,single_node
822,single_node
823,single_node
824,single_node
825,single_node
826,single_node
827,single_node
828,single_node
829,single_node
830,single_node
831,single_node
832,single_node
833,single_node
834,single_node
835,single_node
836,single_node
837,single_node
838,single_node
839,single_node
840,single_node
841,single_node
842,single_node
843,single_node
844,single_node
845,single_node
846,single_node
847,single_node
848,single_node
849,single_node
850,single_node
851,single_node
852,single_node
853,single_node
854,single_node
855,single_node
856,single_node
857,single_node
858,single_node
859,single_node
860,single_node
861,single_node
862,single_node
863,single_node
864,single_node
865,single_node
866,single_node
867,single_node
868,single_node
869,single_node
870,single_node
871,single_node
872,single_node
873,single_node
874,single_node
875,single_node
876,single_node
877,single_node
878,single_node
879,single_node
880,single_node
881,single_node
882,single_node
883,single_node
884,single_node
885,single_node
886,single_node
887,single_node
888,single_node
889,single_node
890,single_node
891,single_node
892,single_node
893,single_node
894,single_node
895,single_node
896,single_node
897,single_node
898,single_node
899,single_node
900,single_node
901,single_node
902,single_node
903,single_node
904,single_node
905,single_node
906,single_node
907,single_node
908,single_node
909,single_node
910,single_node
911,single_node
912,single_node
913,single_node
914,single_node
915,single_node
916,single_node
917,single_node
918,single_node
919,single_node
920,single_node
921,single_node
922,single_node
923,single_node
924,single_node
925,single_node
926,single_node
927,single_node
928,single_node
929,single_node
930,single_node
931,single_node
932,single_node
933,single_node
934,single_node
935,single_node
936,single_node
937,single_node
938,single_node
939,single_node
940,single_node
941,single_node
942,single_node
943,single_node
944,single_node
945,single_node
946,single_node
947,single_node
948,single_node
949,single_node
950,single_node
951,single_node
952,single_node
953,single_node
954,single_node
955,single_node
956,single_node
957,single_node
958,single_node
959,single_node
960,single_node
961,single_node
962,single_node
963,single_node
964,single_node
965,single_node
966,single_node
967,single_node
968,single_node
969,single_node
970,single_node
971,single_node
972,single_node
973,single_node
974,single_node
975,single_node
976,single_node
977,single_node
978,single_node
979,single_node
980,single_node
981,single_node
982,single_node
983,single_node
984,single_node
985,single_node
986,single_node
987,single_node
988,single_node
989,single_node
990,single_node
991,single_node
992,single_node
993,single_node
994,single_node
995,single_node
996,single_node
997,single_node
998,single_node
999,single_node
1000,single_node
1001,single_node
1002,single_node
1003,single_node
1004,single_node
1005,single_node
1006,single_node
1007,single_node
1008,single_node
1009,single_node
1010,single_node
1011,single_node
1012,single_node
1013,single_node
1014,single_node
1015,single_node
1016,single_node
1017,single_node
1018,single_node
1019,single_node
1020,single_node
1021,single_node
1022,single_node
1023,single_node
1024,single_node
1025,single_node
1026,single_node
1027,single_node
1028,single_node
1029,single_node
1030,single_node
1031,single_node
1032,single_node
1033,single_node
1034,single_node
1035,single_node
1036,single_node
1037,single_node
1038,single_node
1039,single_node
1040,single_node
1041,single_node
1042,single_node
1043,single_node
1044,single_node
1045,single_node
1046,single_node
1047,single_node
1048,single_node
1049,single_node
1050,single_node
1051,single_node
1052,single_node
1053,single_node
1054,single_node
1055,single_node
1056,single_node
1057,single_node
1058,single_node
1059,single_node
1060,single_node
1061,single_node
1062,single_node
1063,single_node
1064,single_node
1065,single_node
1066,single_node
1067,single_node
1068,single_node
1069,single_node
1070,single_node
1071,single_node
1072,single_node
1073,single_node
1074,single_node
1075,single_node
1076,single_node
1077,single_node
1078,single_node
1079,single_node
1080,single_node
1081,single_node
1082,single_node
1083,single_node
1084,single_node
1085,single_node
1086,single_node
1087,single_node
1088,single_node
1089,single_node
1090,single_node
1091,single_node
1092,single_node
1093,single_node
1094,single_node
1095,single_node
1096,single_node
1097,single_node
1098,single_node
1099,single_node
1100,single_node
1101,single_node
1102,single_node
1103,single_node
1104,single_node
1105,single_node
1106,single_node
1107,single_node
1108,single_node
1109,single_node
1110,single_node
1111,single_node
1112,single_node
1113,single_node
1114,single_node
1115,single_node
1116,single_node
1117,single_node
1118,single_node
1119,single_node
1120,single_node
1121,single_node
1122,single_node
1123,single_node
1124,single_node
1125,single_node
1126,single_node
1127,single_node
1128,single_node
1129,single_node
1130,single_node
1131,single_node
1132,single_node
1133,single_node
1134,single_node
1135,single_node
1136,single_node
1137,single_node
1138,single_node
1139,single_node
1140,single_node
1141,single_node
1142,single_node
1143,single_node
1144,single_node
1145,single_node
1146,single_node
1147,single_node
1148,single_node
1149,single_node
1150,single_node
1151,single_node
1152,single_node
1153,single_node
1154,single_node
1155,single_node
1156,single_node
1157,single_node
1158,single_node
1159,single_node
1160,single_node
1161,single_node
1162,single_node
1163,single_node
1164,single_node
1165,single_node
1166,single_node
1167,single_node
1168,single_node
1169,single_node
1170,single_node
1171,single_node
1172,single_node
1173,single_node
1174,single_node
1175,single_node
1176,single_node
1177,single_node
1178,single_node
1179,single_node
1180,single_node
1181,single_node
1182,single_node
1183,single_node
1184,single_node
1185,single_node
1186,single_node
1187,single_node
1188,single_node
1189,single_node
1190,single_node
1191,single_node
1192,single_node
1193,single_node
1194,single_node
1195,single_node
1196,single_node
1197,single_node
1198,single_node
1199,single_node
1200,single_node
1201,single_node
1202,single_node
1203,single_node
1204,single_node
1205,single_node
1206,single_node
1207,single_node
1208,single_node
1209,single_node
1210,single_node
1211,single_node
1212,single_node
1213,single_node
1214,single_node
1215,single_node
1216,single_node
1217,single_node
1218,single_node
1219,single_node
1220,single_node
1221,single_node
1222,single_node
1223,single_node
1224,single_node
1225,single_node
1226,single_node
1227,single_node
1228,single_node
1229,single_node
1230,single_node
1231,single_node
1232,single_node
1233,single_node
1234,single_node
1235,single_node
1236,single_node
1237,single_node
1238,single_node
1239,single_node
1240,single_node
1241,single_node
1242,single_node
1243,single_node
1244,single_node
1245,single_node
1246,single_node
1247,single_node
1248,single_node
1249,single_node
1250,single_node
1251,single_node
1252,single_node
1253,single_node
1254,single_node
1255,single_node
1256,single_node
1257,single_node
1258,single_node
1259,single_node
1260,single_node
1261,single_node
1262,single_node
1263,single_node
1264,single_node
1265,single_node
1266,single_node
1267,single_node
1268,single_node
1269,single_node
1270,single_node
1271,single_node
1272,single_node
1273,single_node
1274,single_node
1275,single_node
1276,single_node
1277,single_node
1278,single_node
1279,single_node
1280,single_node
1281,single_node
1282,single_node
1283,single_node
1284,single_node
1285,single_node
1286,single_node
1287,single_node
1288,single_node
1289,single_node
1290,single_node
1291,single_node
1292,single_node
1293,single_node
1294,single_node
1295,single_node
1296,single_node
1297,single_node
1298,single_node
1299,single_node
1300,single_node
1301,single_node
1302,single_node
1303,single_node
1304,single_node
1305,single_node
1306,single_node
1307,single_node
1308,single_node
1309,single_node
1310,single_node
1311,single_node
1312,single_node
1313,single_node
1314,single_node
1315,single_node
1316,single_node
1317,single_node
1318,single_node
1319,single_node
1320,single_node
1321,single_node
1322,single_node
1323,single_node
1324,single_node
1325,single_node
