0,MAHOBAM
1,MAHOBAM_copy
2,MAHOBAM_negative
3,MAHOBAM_a_neighborhood_h0
4,MAHOBAM_b_neighborhood_h0
5,MAHOBAM_c_neighborhood_h0
6,MAHOBAM_a_neighborhood_h1
7,MAHOBAM_a_neighborhood_h2
8,MAHOBAM_a_neighborhood_h3
9,MAHEFOG
10,MAHEFOG_copy
11,MAHEFOG_negative
12,MAHEFOG_a_neighborhood_h0
13,MAHEFOG_b_neighborhood_h0
14,MAHEFOG_c_neighborhood_h0
15,MAHEFOG_d_neighborhood_h0
16,MAHEFOG_a_neighborhood_h1
17,MAHEFOG_b_neighborhood_h1
18,MAHEFOG_a_neighborhood_h2
19,MAHEFOG_b_neighborhood_h2
20,MAHEFOG_a_neighborhood_h3
21,MAHEFOG_b_neighborhood_h3
22,MACEGEJ
23,MACEGEJ_copy
24,MACEGEJ_negative
25,MACEGEJ_a_neighborhood_h0
26,MACEGEJ_b_neighborhood_h0
27,MACEGEJ_c_neighborhood_h0
28,MACEGEJ_d_neighborhood_h0
29,MACEGEJ_a_neighborhood_h1
30,MACEGEJ_a_neighborhood_h2
31,MACEGEJ_a_neighborhood_h3
32,MAHACEB
33,MAHACEB_copy
34,MAHACEB_negative
35,MAHACEB_a_neighborhood_h0
36,MAHACEB_b_neighborhood_h0
37,MAHACEB_c_neighborhood_h0
38,MAHACEB_d_neighborhood_h0
39,MAHACEB_e_neighborhood_h0
40,MAHACEB_a_neighborhood_h1
41,MAHACEB_b_neighborhood_h1
42,MAHACEB_a_neighborhood_h2
43,MAHACEB_b_neighborhood_h2
44,MAHACEB_a_neighborhood_h3
45,MAHACEB_b_neighborhood_h3
46,MOFYCAG
47,MOFYCAG_copy
48,MOFYCAG_negative
49,MOFYCAG_a_neighborhood_h0
50,MOFYCAG_b_neighborhood_h0
51,MOFYCAG_c_neighborhood_h0
52,MOFYCAG_d_neighborhood_h0
53,MOFYCAG_e_neighborhood_h0
54,MOFYCAG_f_neighborhood_h0
55,MOFYCAG_a_neighborhood_h1
56,MOFYCAG_b_neighborhood_h1
57,MOFYCAG_a_neighborhood_h2
58,MOFYCAG_b_neighborhood_h2
59,MOFYCAG_a_neighborhood_h3
60,MOFYCAG_b_neighborhood_h3
61,MALYLEJ
62,MALYLEJ_copy
63,MALYLEJ_negative
64,MALYLEJ_a_neighborhood_h0
65,MALYLEJ_b_neighborhood_h0
66,MALYLEJ_c_neighborhood_h0
67,MALYLEJ_d_neighborhood_h0
68,MALYLEJ_e_neighborhood_h0
69,MALYLEJ_f_neighborhood_h0
70,MALYLEJ_a_neighborhood_h1
71,MALYLEJ_a_neighborhood_h2
72,MALYLEJ_a_neighborhood_h3
73,MOTAMUH
74,MOTAMUH_copy
75,MOTAMUH_negative
76,MOTAMUH_a_neighborhood_h0
77,MOTAMUH_b_neighborhood_h0
78,MOTAMUH_c_neighborhood_h0
79,MOTAMUH_d_neighborhood_h0
80,MOTAMUH_e_neighborhood_h0
81,MOTAMUH_f_neighborhood_h0
82,MOTAMUH_g_neighborhood_h0
83,MOTAMUH_a_neighborhood_h1
84,MOTAMUH_b_neighborhood_h1
85,MOTAMUH_a_neighborhood_h2
86,MOTAMUH_b_neighborhood_h2
87,MOTAMUH_a_neighborhood_h3
88,MOTAMUH_b_neighborhood_h3
89,MODUDOL
90,MODUDOL_copy
91,MODUDOL_negative
92,MODUDOL_a_neighborhood_h0
93,MODUDOL_b_neighborhood_h0
94,MODUDOL_c_neighborhood_h0
95,MODUDOL_d_neighborhood_h0
96,MODUDOL_e_neighborhood_h0
97,MODUDOL_f_neighborhood_h0
98,MODUDOL_g_neighborhood_h0
99,MODUDOL_h_neighborhood_h0
100,MODUDOL_a_neighborhood_h1
101,MODUDOL_b_neighborhood_h1
102,MODUDOL_c_neighborhood_h1
103,MODUDOL_d_neighborhood_h1
104,MODUDOL_a_neighborhood_h2
105,MODUDOL_b_neighborhood_h2
106,MODUDOL_c_neighborhood_h2
107,MODUDOL_d_neighborhood_h2
108,MODUDOL_a_neighborhood_h3
109,MODUDOL_b_neighborhood_h3
110,MODUDOL_c_neighborhood_h3
111,MODUDOL_d_neighborhood_h3
112,MAJOFIJ
113,MAJOFIJ_copy
114,MAJOFIJ_negative
115,MAJOFIJ_a_neighborhood_h0
116,MAJOFIJ_b_neighborhood_h0
117,MAJOFIJ_c_neighborhood_h0
118,MAJOFIJ_d_neighborhood_h0
119,MAJOFIJ_e_neighborhood_h0
120,MAJOFIJ_f_neighborhood_h0
121,MAJOFIJ_g_neighborhood_h0
122,MAJOFIJ_h_neighborhood_h0
123,MAJOFIJ_a_neighborhood_h1
124,MAJOFIJ_b_neighborhood_h1
125,MAJOFIJ_c_neighborhood_h1
126,MAJOFIJ_d_neighborhood_h1
127,MAJOFIJ_a_neighborhood_h2
128,MAJOFIJ_b_neighborhood_h2
129,MAJOFIJ_c_neighborhood_h2
130,MAJOFIJ_d_neighborhood_h2
131,MAJOFIJ_a_neighborhood_h3
132,MAJOFIJ_b_neighborhood_h3
133,MAJOFIJ_c_neighborhood_h3
134,MAJOFIJ_d_neighborhood_h3
135,MAPOXUB
136,MAPOXUB_copy
137,MAPOXUB_negative
138,MAPOXUB_a_neighborhood_h0
139,MAPOXUB_b_neighborhood_h0
140,MAPOXUB_c_neighborhood_h0
141,MAPOXUB_d_neighborhood_h0
142,MAPOXUB_e_neighborhood_h0
143,MAPOXUB_f_neighborhood_h0
144,MAPOXUB_g_neighborhood_h0
145,MAPOXUB_h_neighborhood_h0
146,MAPOXUB_i_neighborhood_h0
147,MAPOXUB_j_neighborhood_h0
148,MAPOXUB_a_neighborhood_h1
149,MAPOXUB_b_neighborhood_h1
150,MAPOXUB_c_neighborhood_h1
151,MAPOXUB_d_neighborhood_h1
152,MAPOXUB_e_neighborhood_h1
153,MAPOXUB_a_neighborhood_h2
154,MAPOXUB_b_neighborhood_h2
155,MAPOXUB_c_neighborhood_h2
156,MAPOXUB_d_neighborhood_h2
157,MAPOXUB_e_neighborhood_h2
158,MAPOXUB_a_neighborhood_h3
159,MAPOXUB_b_neighborhood_h3
160,MAPOXUB_c_neighborhood_h3
161,MAPOXUB_d_neighborhood_h3
162,MAPOXUB_e_neighborhood_h3
163,MOVAZYQ
164,MOVAZYQ_copy
165,MOVAZYQ_negative
166,MOVAZYQ_a_neighborhood_h0
167,MOVAZYQ_b_neighborhood_h0
168,MOVAZYQ_c_neighborhood_h0
169,MOVAZYQ_d_neighborhood_h0
170,MOVAZYQ_e_neighborhood_h0
171,MOVAZYQ_f_neighborhood_h0
172,MOVAZYQ_g_neighborhood_h0
173,MOVAZYQ_h_neighborhood_h0
174,MOVAZYQ_i_neighborhood_h0
175,MOVAZYQ_j_neighborhood_h0
176,MOVAZYQ_k_neighborhood_h0
177,MOVAZYQ_a_neighborhood_h1
178,MOVAZYQ_b_neighborhood_h1
179,MOVAZYQ_c_neighborhood_h1
180,MOVAZYQ_d_neighborhood_h1
181,MOVAZYQ_e_neighborhood_h1
182,MOVAZYQ_f_neighborhood_h1
183,MOVAZYQ_a_neighborhood_h2
184,MOVAZYQ_b_neighborhood_h2
185,MOVAZYQ_c_neighborhood_h2
186,MOVAZYQ_d_neighborhood_h2
187,MOVAZYQ_e_neighborhood_h2
188,MOVAZYQ_f_neighborhood_h2
189,MOVAZYQ_a_neighborhood_h3
190,MOVAZYQ_b_neighborhood_h3
191,MOVAZYQ_c_neighborhood_h3
192,MOVAZYQ_d_neighborhood_h3
193,MOVAZYQ_e_neighborhood_h3
194,MOVAZYQ_f_neighborhood_h3
195,MATIWAQ
196,MATIWAQ_copy
197,MATIWAQ_negative
198,MATIWAQ_a_neighborhood_h0
199,MATIWAQ_b_neighborhood_h0
200,MATIWAQ_c_neighborhood_h0
201,MATIWAQ_d_neighborhood_h0
202,MATIWAQ_e_neighborhood_h0
203,MATIWAQ_a_neighborhood_h1
204,MATIWAQ_b_neighborhood_h1
205,MATIWAQ_c_neighborhood_h1
206,MATIWAQ_a_neighborhood_h2
207,MATIWAQ_b_neighborhood_h2
208,MATIWAQ_c_neighborhood_h2
209,MATIWAQ_a_neighborhood_h3
210,MATIWAQ_b_neighborhood_h3
211,MATIWAQ_c_neighborhood_h3
212,MUGAKOL
213,MUGAKOL_copy
214,MUGAKOL_negative
215,MUGAKOL_a_neighborhood_h0
216,MUGAKOL_b_neighborhood_h0
217,MUGAKOL_c_neighborhood_h0
218,MUGAKOL_d_neighborhood_h0
219,MUGAKOL_e_neighborhood_h0
220,MUGAKOL_f_neighborhood_h0
221,MUGAKOL_g_neighborhood_h0
222,MUGAKOL_a_neighborhood_h1
223,MUGAKOL_b_neighborhood_h1
224,MUGAKOL_c_neighborhood_h1
225,MUGAKOL_d_neighborhood_h1
226,MUGAKOL_a_neighborhood_h2
227,MUGAKOL_b_neighborhood_h2
228,MUGAKOL_c_neighborhood_h2
229,MUGAKOL_d_neighborhood_h2
230,MUGAKOL_a_neighborhood_h3
231,MUGAKOL_b_neighborhood_h3
232,MUGAKOL_c_neighborhood_h3
233,MUGAKOL_d_neighborhood_h3
234,MELYPEB
235,MELYPEB_copy
236,MELYPEB_negative
237,MELYPEB_a_neighborhood_h0
238,MELYPEB_b_neighborhood_h0
239,MELYPEB_c_neighborhood_h0
240,MELYPEB_d_neighborhood_h0
241,MELYPEB_e_neighborhood_h0
242,MELYPEB_f_neighborhood_h0
243,MELYPEB_g_neighborhood_h0
244,MELYPEB_h_neighborhood_h0
245,MELYPEB_i_neighborhood_h0
246,MELYPEB_j_neighborhood_h0
247,MELYPEB_a_neighborhood_h1
248,MELYPEB_b_neighborhood_h1
249,MELYPEB_c_neighborhood_h1
250,MELYPEB_d_neighborhood_h1
251,MELYPEB_e_neighborhood_h1
252,MELYPEB_f_neighborhood_h1
253,MELYPEB_g_neighborhood_h1
254,MELYPEB_a_neighborhood_h2
255,MELYPEB_b_neighborhood_h2
256,MELYPEB_c_neighborhood_h2
257,MELYPEB_d_neighborhood_h2
258,MELYPEB_e_neighborhood_h2
259,MELYPEB_f_neighborhood_h2
260,MELYPEB_g_neighborhood_h2
261,MELYPEB_a_neighborhood_h3
262,MELYPEB_b_neighborhood_h3
263,MELYPEB_c_neighborhood_h3
264,MELYPEB_d_neighborhood_h3
265,MELYPEB_e_neighborhood_h3
266,MELYPEB_f_neighborhood_h3
267,MELYPEB_g_neighborhood_h3
268,MIMANAR
269,MIMANAR_copy
270,MIMANAR_negative
271,MIMANAR_a_neighborhood_h0
272,MIMANAR_b_neighborhood_h0
273,MIMANAR_c_neighborhood_h0
274,MIMANAR_d_neighborhood_h0
275,MIMANAR_e_neighborhood_h0
276,MIMANAR_f_neighborhood_h0
277,MIMANAR_g_neighborhood_h0
278,MIMANAR_h_neighborhood_h0
279,MIMANAR_a_neighborhood_h1
280,MIMANAR_b_neighborhood_h1
281,MIMANAR_c_neighborhood_h1
282,MIMANAR_d_neighborhood_h1
283,MIMANAR_a_neighborhood_h2
284,MIMANAR_b_neighborhood_h2
285,MIMANAR_c_neighborhood_h2
286,MIMANAR_d_neighborhood_h2
287,MIMANAR_a_neighborhood_h3
288,MIMANAR_b_neighborhood_h3
289,MIMANAR_c_neighborhood_h3
290,MIMANAR_d_neighborhood_h3
291,MUJAGIF
292,MUJAGIF_copy
293,MUJAGIF_negative
294,MUJAGIF_a_neighborhood_h0
295,MUJAGIF_b_neighborhood_h0
296,MUJAGIF_c_neighborhood_h0
297,MUJAGIF_d_neighborhood_h0
298,MUJAGIF_e_neighborhood_h0
299,MUJAGIF_f_neighborhood_h0
300,MUJAGIF_g_neighborhood_h0
301,MUJAGIF_h_neighborhood_h0
302,MUJAGIF_i_neighborhood_h0
303,MUJAGIF_a_neighborhood_h1
304,MUJAGIF_b_neighborhood_h1
305,MUJAGIF_c_neighborhood_h1
306,MUJAGIF_d_neighborhood_h1
307,MUJAGIF_a_neighborhood_h2
308,MUJAGIF_b_neighborhood_h2
309,MUJAGIF_c_neighborhood_h2
310,MUJAGIF_d_neighborhood_h2
311,MUJAGIF_a_neighborhood_h3
312,MUJAGIF_b_neighborhood_h3
313,MUJAGIF_c_neighborhood_h3
314,MUJAGIF_d_neighborhood_h3
