1396#,neighborhood_1
3065#,neighborhood_2
4859#,neighborhood_3
6793#,neighborhood_4
8812#,neighborhood_5
10886#,neighborhood_6
12972#,neighborhood_7
15062#,neighborhood_8
17152#,neighborhood_9
19246#,structure_1
19257#,structure_2
19304#,structure_3
19391#,structure_4
19493#,structure_5
19597#,structure_6
19701#,structure_7
19805#,structure_8
19909#,structure_9
1397#,neighborhood_1
3066#,neighborhood_2
4860#,neighborhood_3
6794#,neighborhood_4
8813#,neighborhood_5
10887#,neighborhood_6
12973#,neighborhood_7
15063#,neighborhood_8
17153#,neighborhood_9
19247#,structure_1
19258#,structure_2
19305#,structure_3
19392#,structure_4
19494#,structure_5
19598#,structure_6
19702#,structure_7
19806#,structure_8
19910#,structure_9
1398#,neighborhood_1
3067#,neighborhood_2
4861#,neighborhood_3
6795#,neighborhood_4
8814#,neighborhood_5
10888#,neighborhood_6
12974#,neighborhood_7
15064#,neighborhood_8
17154#,neighborhood_9
19248#,structure_1
19259#,structure_2
19306#,structure_3
19393#,structure_4
19495#,structure_5
19599#,structure_6
19703#,structure_7
19807#,structure_8
19911#,structure_9
1399#,neighborhood_1
3068#,neighborhood_2
4862#,neighborhood_3
6796#,neighborhood_4
8815#,neighborhood_5
10889#,neighborhood_6
12975#,neighborhood_7
15065#,neighborhood_8
17155#,neighborhood_9
19307#,structure_3
19394#,structure_4
19496#,structure_5
19600#,structure_6
19704#,structure_7
19808#,structure_8
19912#,structure_9
1400#,neighborhood_1
3069#,neighborhood_2
4863#,neighborhood_3
6797#,neighborhood_4
8816#,neighborhood_5
10890#,neighborhood_6
12976#,neighborhood_7
15066#,neighborhood_8
17156#,neighborhood_9
19260#,structure_2
19308#,structure_3
19395#,structure_4
19497#,structure_5
19601#,structure_6
19705#,structure_7
19809#,structure_8
19913#,structure_9
1401#,neighborhood_1
3070#,neighborhood_2
4864#,neighborhood_3
6798#,neighborhood_4
8817#,neighborhood_5
10891#,neighborhood_6
12977#,neighborhood_7
15067#,neighborhood_8
17157#,neighborhood_9
19249#,structure_1
19261#,structure_2
19309#,structure_3
19396#,structure_4
19498#,structure_5
19602#,structure_6
19706#,structure_7
19810#,structure_8
19914#,structure_9
1402#,neighborhood_1
3071#,neighborhood_2
4865#,neighborhood_3
6799#,neighborhood_4
8818#,neighborhood_5
10892#,neighborhood_6
12978#,neighborhood_7
15068#,neighborhood_8
17158#,neighborhood_9
19262#,structure_2
19310#,structure_3
19397#,structure_4
19499#,structure_5
19603#,structure_6
19707#,structure_7
19811#,structure_8
19915#,structure_9
1403#,neighborhood_1
3072#,neighborhood_2
19311#,structure_3
19398#,structure_4
19500#,structure_5
19604#,structure_6
19708#,structure_7
19812#,structure_8
19916#,structure_9
1404#,neighborhood_1
19263#,structure_2
19312#,structure_3
19399#,structure_4
19501#,structure_5
19605#,structure_6
19709#,structure_7
19813#,structure_8
19917#,structure_9
19250#,structure_1
19264#,structure_2
19313#,structure_3
19400#,structure_4
19502#,structure_5
19606#,structure_6
19710#,structure_7
19814#,structure_8
19918#,structure_9
19265#,structure_2
19314#,structure_3
19401#,structure_4
19503#,structure_5
19607#,structure_6
19711#,structure_7
19815#,structure_8
19919#,structure_9
19266#,structure_2
19315#,structure_3
19402#,structure_4
19504#,structure_5
19608#,structure_6
19712#,structure_7
19816#,structure_8
19920#,structure_9
19316#,structure_3
19403#,structure_4
19505#,structure_5
19609#,structure_6
19713#,structure_7
19817#,structure_8
19921#,structure_9
1413#,neighborhood_1
1414#,neighborhood_1
3083#,neighborhood_2
1423#,neighborhood_1
1424#,neighborhood_1
3093#,neighborhood_2
1433#,neighborhood_1
1434#,neighborhood_1
3103#,neighborhood_2
4898#,neighborhood_3
3104#,neighborhood_2
6840#,neighborhood_4
8859#,neighborhood_5
10933#,neighborhood_6
13019#,neighborhood_7
15109#,neighborhood_8
17199#,neighborhood_9
4906#,neighborhood_3
6841#,neighborhood_4
8860#,neighborhood_5
10934#,neighborhood_6
13020#,neighborhood_7
15110#,neighborhood_8
17200#,neighborhood_9
3110#,neighborhood_2
4907#,neighborhood_3
6842#,neighborhood_4
8861#,neighborhood_5
10935#,neighborhood_6
13021#,neighborhood_7
15111#,neighborhood_8
17201#,neighborhood_9
4908#,neighborhood_3
6843#,neighborhood_4
8862#,neighborhood_5
10936#,neighborhood_6
13022#,neighborhood_7
15112#,neighborhood_8
17202#,neighborhood_9
3111#,neighborhood_2
4909#,neighborhood_3
6844#,neighborhood_4
8863#,neighborhood_5
10937#,neighborhood_6
13023#,neighborhood_7
15113#,neighborhood_8
17203#,neighborhood_9
4910#,neighborhood_3
6845#,neighborhood_4
8864#,neighborhood_5
10938#,neighborhood_6
13024#,neighborhood_7
15114#,neighborhood_8
17204#,neighborhood_9
3112#,neighborhood_2
4911#,neighborhood_3
6846#,neighborhood_4
8865#,neighborhood_5
10939#,neighborhood_6
13025#,neighborhood_7
15115#,neighborhood_8
17205#,neighborhood_9
4912#,neighborhood_3
6847#,neighborhood_4
8866#,neighborhood_5
10940#,neighborhood_6
13026#,neighborhood_7
15116#,neighborhood_8
17206#,neighborhood_9
1451#,neighborhood_1
3127#,neighborhood_2
4931#,neighborhood_3
6868#,neighborhood_4
8887#,neighborhood_5
10961#,neighborhood_6
13047#,neighborhood_7
15137#,neighborhood_8
17227#,neighborhood_9
19317#,structure_3
19404#,structure_4
19506#,structure_5
19610#,structure_6
19714#,structure_7
19818#,structure_8
19922#,structure_9
1452#,neighborhood_1
3128#,neighborhood_2
4932#,neighborhood_3
6869#,neighborhood_4
8888#,neighborhood_5
10962#,neighborhood_6
13048#,neighborhood_7
15138#,neighborhood_8
17228#,neighborhood_9
19267#,structure_2
19318#,structure_3
19405#,structure_4
19507#,structure_5
19611#,structure_6
19715#,structure_7
19819#,structure_8
19923#,structure_9
1453#,neighborhood_1
3129#,neighborhood_2
4933#,neighborhood_3
6870#,neighborhood_4
8889#,neighborhood_5
10963#,neighborhood_6
13049#,neighborhood_7
15139#,neighborhood_8
17229#,neighborhood_9
19251#,structure_1
19268#,structure_2
19319#,structure_3
19406#,structure_4
19508#,structure_5
19612#,structure_6
19716#,structure_7
19820#,structure_8
19924#,structure_9
1454#,neighborhood_1
3130#,neighborhood_2
4934#,neighborhood_3
6871#,neighborhood_4
8890#,neighborhood_5
10964#,neighborhood_6
13050#,neighborhood_7
15140#,neighborhood_8
17230#,neighborhood_9
19269#,structure_2
19320#,structure_3
19407#,structure_4
19509#,structure_5
19613#,structure_6
19717#,structure_7
19821#,structure_8
19925#,structure_9
1455#,neighborhood_1
3131#,neighborhood_2
4935#,neighborhood_3
6872#,neighborhood_4
8891#,neighborhood_5
10965#,neighborhood_6
13051#,neighborhood_7
15141#,neighborhood_8
17231#,neighborhood_9
19270#,structure_2
19321#,structure_3
19408#,structure_4
19510#,structure_5
19614#,structure_6
19718#,structure_7
19822#,structure_8
19926#,structure_9
1456#,neighborhood_1
3132#,neighborhood_2
4936#,neighborhood_3
6873#,neighborhood_4
8892#,neighborhood_5
10966#,neighborhood_6
13052#,neighborhood_7
15142#,neighborhood_8
17232#,neighborhood_9
19271#,structure_2
19322#,structure_3
19409#,structure_4
19511#,structure_5
19615#,structure_6
19719#,structure_7
19823#,structure_8
19927#,structure_9
1457#,neighborhood_1
3133#,neighborhood_2
4937#,neighborhood_3
6874#,neighborhood_4
8893#,neighborhood_5
10967#,neighborhood_6
13053#,neighborhood_7
15143#,neighborhood_8
17233#,neighborhood_9
19323#,structure_3
19410#,structure_4
19512#,structure_5
19616#,structure_6
19720#,structure_7
19824#,structure_8
19928#,structure_9
1458#,neighborhood_1
3134#,neighborhood_2
4938#,neighborhood_3
6875#,neighborhood_4
8894#,neighborhood_5
10968#,neighborhood_6
13054#,neighborhood_7
15144#,neighborhood_8
17234#,neighborhood_9
1581#,neighborhood_1
3267#,neighborhood_2
5084#,neighborhood_3
7030#,neighborhood_4
9055#,neighborhood_5
11129#,neighborhood_6
13215#,neighborhood_7
15305#,neighborhood_8
17395#,neighborhood_9
19411#,structure_4
19513#,structure_5
19617#,structure_6
19721#,structure_7
19825#,structure_8
19929#,structure_9
1582#,neighborhood_1
3268#,neighborhood_2
5085#,neighborhood_3
7031#,neighborhood_4
9056#,neighborhood_5
11130#,neighborhood_6
13216#,neighborhood_7
15306#,neighborhood_8
17396#,neighborhood_9
19324#,structure_3
19412#,structure_4
19514#,structure_5
19618#,structure_6
19722#,structure_7
19826#,structure_8
19930#,structure_9
1583#,neighborhood_1
3269#,neighborhood_2
5086#,neighborhood_3
7032#,neighborhood_4
9057#,neighborhood_5
11131#,neighborhood_6
13217#,neighborhood_7
15307#,neighborhood_8
17397#,neighborhood_9
19272#,structure_2
19325#,structure_3
19413#,structure_4
19515#,structure_5
19619#,structure_6
19723#,structure_7
19827#,structure_8
19931#,structure_9
1584#,neighborhood_1
3270#,neighborhood_2
5087#,neighborhood_3
7033#,neighborhood_4
9058#,neighborhood_5
11132#,neighborhood_6
13218#,neighborhood_7
15308#,neighborhood_8
17398#,neighborhood_9
19326#,structure_3
19414#,structure_4
19516#,structure_5
19620#,structure_6
19724#,structure_7
19828#,structure_8
19932#,structure_9
1585#,neighborhood_1
3271#,neighborhood_2
5088#,neighborhood_3
7034#,neighborhood_4
9059#,neighborhood_5
11133#,neighborhood_6
13219#,neighborhood_7
15309#,neighborhood_8
17399#,neighborhood_9
19327#,structure_3
19415#,structure_4
19517#,structure_5
19621#,structure_6
19725#,structure_7
19829#,structure_8
19933#,structure_9
1586#,neighborhood_1
3272#,neighborhood_2
5089#,neighborhood_3
7035#,neighborhood_4
9060#,neighborhood_5
11134#,neighborhood_6
13220#,neighborhood_7
15310#,neighborhood_8
17400#,neighborhood_9
19416#,structure_4
19518#,structure_5
19622#,structure_6
19726#,structure_7
19830#,structure_8
19934#,structure_9
1587#,neighborhood_1
3273#,neighborhood_2
5090#,neighborhood_3
7036#,neighborhood_4
9061#,neighborhood_5
11135#,neighborhood_6
13221#,neighborhood_7
15311#,neighborhood_8
17401#,neighborhood_9
19273#,structure_2
19328#,structure_3
19417#,structure_4
19519#,structure_5
19623#,structure_6
19727#,structure_7
19831#,structure_8
19935#,structure_9
1588#,neighborhood_1
3274#,neighborhood_2
5091#,neighborhood_3
7037#,neighborhood_4
9062#,neighborhood_5
11136#,neighborhood_6
13222#,neighborhood_7
15312#,neighborhood_8
17402#,neighborhood_9
19329#,structure_3
19418#,structure_4
19520#,structure_5
19624#,structure_6
19728#,structure_7
19832#,structure_8
19936#,structure_9
1589#,neighborhood_1
3275#,neighborhood_2
5092#,neighborhood_3
7038#,neighborhood_4
9063#,neighborhood_5
11137#,neighborhood_6
13223#,neighborhood_7
15313#,neighborhood_8
17403#,neighborhood_9
19274#,structure_2
19330#,structure_3
19419#,structure_4
19521#,structure_5
19625#,structure_6
19729#,structure_7
19833#,structure_8
19937#,structure_9
1590#,neighborhood_1
3276#,neighborhood_2
5093#,neighborhood_3
7039#,neighborhood_4
9064#,neighborhood_5
11138#,neighborhood_6
13224#,neighborhood_7
15314#,neighborhood_8
17404#,neighborhood_9
19331#,structure_3
19420#,structure_4
19522#,structure_5
19626#,structure_6
19730#,structure_7
19834#,structure_8
19938#,structure_9
1783#,neighborhood_1
3483#,neighborhood_2
5322#,neighborhood_3
7284#,neighborhood_4
9317#,neighborhood_5
11391#,neighborhood_6
13477#,neighborhood_7
15567#,neighborhood_8
17657#,neighborhood_9
19252#,structure_1
19275#,structure_2
19332#,structure_3
19421#,structure_4
19523#,structure_5
19627#,structure_6
19731#,structure_7
19835#,structure_8
19939#,structure_9
1784#,neighborhood_1
3484#,neighborhood_2
5323#,neighborhood_3
7285#,neighborhood_4
9318#,neighborhood_5
11392#,neighborhood_6
13478#,neighborhood_7
15568#,neighborhood_8
17658#,neighborhood_9
19253#,structure_1
19276#,structure_2
19333#,structure_3
19422#,structure_4
19524#,structure_5
19628#,structure_6
19732#,structure_7
19836#,structure_8
19940#,structure_9
1785#,neighborhood_1
3485#,neighborhood_2
5324#,neighborhood_3
7286#,neighborhood_4
9319#,neighborhood_5
11393#,neighborhood_6
13479#,neighborhood_7
15569#,neighborhood_8
17659#,neighborhood_9
19277#,structure_2
19334#,structure_3
19423#,structure_4
19525#,structure_5
19629#,structure_6
19733#,structure_7
19837#,structure_8
19941#,structure_9
1786#,neighborhood_1
3486#,neighborhood_2
5325#,neighborhood_3
7287#,neighborhood_4
9320#,neighborhood_5
11394#,neighborhood_6
13480#,neighborhood_7
15570#,neighborhood_8
17660#,neighborhood_9
19335#,structure_3
19424#,structure_4
19526#,structure_5
19630#,structure_6
19734#,structure_7
19838#,structure_8
19942#,structure_9
1787#,neighborhood_1
3487#,neighborhood_2
5326#,neighborhood_3
7288#,neighborhood_4
9321#,neighborhood_5
11395#,neighborhood_6
13481#,neighborhood_7
15571#,neighborhood_8
17661#,neighborhood_9
19425#,structure_4
19527#,structure_5
19631#,structure_6
19735#,structure_7
19839#,structure_8
19943#,structure_9
1788#,neighborhood_1
3488#,neighborhood_2
5327#,neighborhood_3
7289#,neighborhood_4
9322#,neighborhood_5
11396#,neighborhood_6
13482#,neighborhood_7
15572#,neighborhood_8
17662#,neighborhood_9
19278#,structure_2
19336#,structure_3
19426#,structure_4
19528#,structure_5
19632#,structure_6
19736#,structure_7
19840#,structure_8
19944#,structure_9
1789#,neighborhood_1
3489#,neighborhood_2
5328#,neighborhood_3
7290#,neighborhood_4
9323#,neighborhood_5
11397#,neighborhood_6
13483#,neighborhood_7
15573#,neighborhood_8
17663#,neighborhood_9
19279#,structure_2
19337#,structure_3
19427#,structure_4
19529#,structure_5
19633#,structure_6
19737#,structure_7
19841#,structure_8
19945#,structure_9
1790#,neighborhood_1
3490#,neighborhood_2
5329#,neighborhood_3
7291#,neighborhood_4
9324#,neighborhood_5
11398#,neighborhood_6
13484#,neighborhood_7
15574#,neighborhood_8
17664#,neighborhood_9
19280#,structure_2
19338#,structure_3
19428#,structure_4
19530#,structure_5
19634#,structure_6
19738#,structure_7
19842#,structure_8
19946#,structure_9
1791#,neighborhood_1
3491#,neighborhood_2
5330#,neighborhood_3
7292#,neighborhood_4
9325#,neighborhood_5
11399#,neighborhood_6
13485#,neighborhood_7
15575#,neighborhood_8
17665#,neighborhood_9
19339#,structure_3
19429#,structure_4
19531#,structure_5
19635#,structure_6
19739#,structure_7
19843#,structure_8
19947#,structure_9
1792#,neighborhood_1
3492#,neighborhood_2
5331#,neighborhood_3
7293#,neighborhood_4
9326#,neighborhood_5
11400#,neighborhood_6
13486#,neighborhood_7
15576#,neighborhood_8
17666#,neighborhood_9
19281#,structure_2
19340#,structure_3
19430#,structure_4
19532#,structure_5
19636#,structure_6
19740#,structure_7
19844#,structure_8
19948#,structure_9
1793#,neighborhood_1
3493#,neighborhood_2
5332#,neighborhood_3
7294#,neighborhood_4
9327#,neighborhood_5
11401#,neighborhood_6
13487#,neighborhood_7
15577#,neighborhood_8
17667#,neighborhood_9
19254#,structure_1
19282#,structure_2
19341#,structure_3
19431#,structure_4
19533#,structure_5
19637#,structure_6
19741#,structure_7
19845#,structure_8
19949#,structure_9
2052#,neighborhood_1
3774#,neighborhood_2
5632#,neighborhood_3
7608#,neighborhood_4
9654#,neighborhood_5
11734#,neighborhood_6
13822#,neighborhood_7
15912#,neighborhood_8
18002#,neighborhood_9
19432#,structure_4
19534#,structure_5
19638#,structure_6
19742#,structure_7
19846#,structure_8
19950#,structure_9
2053#,neighborhood_1
3775#,neighborhood_2
5633#,neighborhood_3
7609#,neighborhood_4
9655#,neighborhood_5
11735#,neighborhood_6
13823#,neighborhood_7
15913#,neighborhood_8
18003#,neighborhood_9
19342#,structure_3
19433#,structure_4
19535#,structure_5
19639#,structure_6
19743#,structure_7
19847#,structure_8
19951#,structure_9
2054#,neighborhood_1
3776#,neighborhood_2
5634#,neighborhood_3
7610#,neighborhood_4
9656#,neighborhood_5
11736#,neighborhood_6
13824#,neighborhood_7
15914#,neighborhood_8
18004#,neighborhood_9
19283#,structure_2
19343#,structure_3
19434#,structure_4
19536#,structure_5
19640#,structure_6
19744#,structure_7
19848#,structure_8
19952#,structure_9
2055#,neighborhood_1
3777#,neighborhood_2
5635#,neighborhood_3
7611#,neighborhood_4
9657#,neighborhood_5
11737#,neighborhood_6
13825#,neighborhood_7
15915#,neighborhood_8
18005#,neighborhood_9
19344#,structure_3
19435#,structure_4
19537#,structure_5
19641#,structure_6
19745#,structure_7
19849#,structure_8
19953#,structure_9
2056#,neighborhood_1
3778#,neighborhood_2
5636#,neighborhood_3
7612#,neighborhood_4
9658#,neighborhood_5
11738#,neighborhood_6
13826#,neighborhood_7
15916#,neighborhood_8
18006#,neighborhood_9
19436#,structure_4
19538#,structure_5
19642#,structure_6
19746#,structure_7
19850#,structure_8
19954#,structure_9
2104#,neighborhood_1
3831#,neighborhood_2
5693#,neighborhood_3
7671#,neighborhood_4
9717#,neighborhood_5
11797#,neighborhood_6
13885#,neighborhood_7
15975#,neighborhood_8
18065#,neighborhood_9
19284#,structure_2
19345#,structure_3
19437#,structure_4
19539#,structure_5
19643#,structure_6
19747#,structure_7
19851#,structure_8
19955#,structure_9
2105#,neighborhood_1
3832#,neighborhood_2
5694#,neighborhood_3
7672#,neighborhood_4
9718#,neighborhood_5
11798#,neighborhood_6
13886#,neighborhood_7
15976#,neighborhood_8
18066#,neighborhood_9
19285#,structure_2
19346#,structure_3
19438#,structure_4
19540#,structure_5
19644#,structure_6
19748#,structure_7
19852#,structure_8
19956#,structure_9
2106#,neighborhood_1
3833#,neighborhood_2
5695#,neighborhood_3
7673#,neighborhood_4
9719#,neighborhood_5
11799#,neighborhood_6
13887#,neighborhood_7
15977#,neighborhood_8
18067#,neighborhood_9
19347#,structure_3
19439#,structure_4
19541#,structure_5
19645#,structure_6
19749#,structure_7
19853#,structure_8
19957#,structure_9
2107#,neighborhood_1
3834#,neighborhood_2
5696#,neighborhood_3
7674#,neighborhood_4
9720#,neighborhood_5
11800#,neighborhood_6
13888#,neighborhood_7
15978#,neighborhood_8
18068#,neighborhood_9
19348#,structure_3
19440#,structure_4
19542#,structure_5
19646#,structure_6
19750#,structure_7
19854#,structure_8
19958#,structure_9
2108#,neighborhood_1
3835#,neighborhood_2
5697#,neighborhood_3
7675#,neighborhood_4
9721#,neighborhood_5
11801#,neighborhood_6
13889#,neighborhood_7
15979#,neighborhood_8
18069#,neighborhood_9
19441#,structure_4
19543#,structure_5
19647#,structure_6
19751#,structure_7
19855#,structure_8
19959#,structure_9
2109#,neighborhood_1
3836#,neighborhood_2
5698#,neighborhood_3
7676#,neighborhood_4
9722#,neighborhood_5
11802#,neighborhood_6
13890#,neighborhood_7
15980#,neighborhood_8
18070#,neighborhood_9
19544#,structure_5
19648#,structure_6
19752#,structure_7
19856#,structure_8
19960#,structure_9
2110#,neighborhood_1
3837#,neighborhood_2
5699#,neighborhood_3
7677#,neighborhood_4
9723#,neighborhood_5
11803#,neighborhood_6
13891#,neighborhood_7
15981#,neighborhood_8
18071#,neighborhood_9
19349#,structure_3
19442#,structure_4
19545#,structure_5
19649#,structure_6
19753#,structure_7
19857#,structure_8
19961#,structure_9
2153#,neighborhood_1
3880#,neighborhood_2
5742#,neighborhood_3
7720#,neighborhood_4
9766#,neighborhood_5
11846#,neighborhood_6
13934#,neighborhood_7
16024#,neighborhood_8
18114#,neighborhood_9
19350#,structure_3
19443#,structure_4
19546#,structure_5
19650#,structure_6
19754#,structure_7
19858#,structure_8
19962#,structure_9
2154#,neighborhood_1
3881#,neighborhood_2
5743#,neighborhood_3
7721#,neighborhood_4
9767#,neighborhood_5
11847#,neighborhood_6
13935#,neighborhood_7
16025#,neighborhood_8
18115#,neighborhood_9
19286#,structure_2
19351#,structure_3
19444#,structure_4
19547#,structure_5
19651#,structure_6
19755#,structure_7
19859#,structure_8
19963#,structure_9
2155#,neighborhood_1
3882#,neighborhood_2
5744#,neighborhood_3
7722#,neighborhood_4
9768#,neighborhood_5
11848#,neighborhood_6
13936#,neighborhood_7
16026#,neighborhood_8
18116#,neighborhood_9
19352#,structure_3
19445#,structure_4
19548#,structure_5
19652#,structure_6
19756#,structure_7
19860#,structure_8
19964#,structure_9
2156#,neighborhood_1
3883#,neighborhood_2
5745#,neighborhood_3
7723#,neighborhood_4
9769#,neighborhood_5
11849#,neighborhood_6
13937#,neighborhood_7
16027#,neighborhood_8
18117#,neighborhood_9
19446#,structure_4
19549#,structure_5
19653#,structure_6
19757#,structure_7
19861#,structure_8
19965#,structure_9
2215#,neighborhood_1
3954#,neighborhood_2
5824#,neighborhood_3
7808#,neighborhood_4
9859#,neighborhood_5
11941#,neighborhood_6
14029#,neighborhood_7
16119#,neighborhood_8
18209#,neighborhood_9
19447#,structure_4
19550#,structure_5
19654#,structure_6
19758#,structure_7
19862#,structure_8
19966#,structure_9
2216#,neighborhood_1
3955#,neighborhood_2
5825#,neighborhood_3
7809#,neighborhood_4
9860#,neighborhood_5
11942#,neighborhood_6
14030#,neighborhood_7
16120#,neighborhood_8
18210#,neighborhood_9
19353#,structure_3
19448#,structure_4
19551#,structure_5
19655#,structure_6
19759#,structure_7
19863#,structure_8
19967#,structure_9
2217#,neighborhood_1
3956#,neighborhood_2
5826#,neighborhood_3
7810#,neighborhood_4
9861#,neighborhood_5
11943#,neighborhood_6
14031#,neighborhood_7
16121#,neighborhood_8
18211#,neighborhood_9
19287#,structure_2
19354#,structure_3
19449#,structure_4
19552#,structure_5
19656#,structure_6
19760#,structure_7
19864#,structure_8
19968#,structure_9
2218#,neighborhood_1
3957#,neighborhood_2
5827#,neighborhood_3
7811#,neighborhood_4
9862#,neighborhood_5
11944#,neighborhood_6
14032#,neighborhood_7
16122#,neighborhood_8
18212#,neighborhood_9
19288#,structure_2
19355#,structure_3
19450#,structure_4
19553#,structure_5
19657#,structure_6
19761#,structure_7
19865#,structure_8
19969#,structure_9
2219#,neighborhood_1
3958#,neighborhood_2
5828#,neighborhood_3
7812#,neighborhood_4
9863#,neighborhood_5
11945#,neighborhood_6
14033#,neighborhood_7
16123#,neighborhood_8
18213#,neighborhood_9
19356#,structure_3
19451#,structure_4
19554#,structure_5
19658#,structure_6
19762#,structure_7
19866#,structure_8
19970#,structure_9
2220#,neighborhood_1
3959#,neighborhood_2
5829#,neighborhood_3
7813#,neighborhood_4
9864#,neighborhood_5
11946#,neighborhood_6
14034#,neighborhood_7
16124#,neighborhood_8
18214#,neighborhood_9
19357#,structure_3
19452#,structure_4
19555#,structure_5
19659#,structure_6
19763#,structure_7
19867#,structure_8
19971#,structure_9
2221#,neighborhood_1
3960#,neighborhood_2
5830#,neighborhood_3
7814#,neighborhood_4
9865#,neighborhood_5
11947#,neighborhood_6
14035#,neighborhood_7
16125#,neighborhood_8
18215#,neighborhood_9
19358#,structure_3
19453#,structure_4
19556#,structure_5
19660#,structure_6
19764#,structure_7
19868#,structure_8
19972#,structure_9
2222#,neighborhood_1
3961#,neighborhood_2
5831#,neighborhood_3
7815#,neighborhood_4
9866#,neighborhood_5
11948#,neighborhood_6
14036#,neighborhood_7
16126#,neighborhood_8
18216#,neighborhood_9
19454#,structure_4
19557#,structure_5
19661#,structure_6
19765#,structure_7
19869#,structure_8
19973#,structure_9
2223#,neighborhood_1
3962#,neighborhood_2
5832#,neighborhood_3
7816#,neighborhood_4
9867#,neighborhood_5
11949#,neighborhood_6
14037#,neighborhood_7
16127#,neighborhood_8
18217#,neighborhood_9
19558#,structure_5
19662#,structure_6
19766#,structure_7
19870#,structure_8
19974#,structure_9
2224#,neighborhood_1
3963#,neighborhood_2
5833#,neighborhood_3
7817#,neighborhood_4
9868#,neighborhood_5
11950#,neighborhood_6
14038#,neighborhood_7
16128#,neighborhood_8
18218#,neighborhood_9
19359#,structure_3
19455#,structure_4
19559#,structure_5
19663#,structure_6
19767#,structure_7
19871#,structure_8
19975#,structure_9
2481#,neighborhood_1
4245#,neighborhood_2
6137#,neighborhood_3
8135#,neighborhood_4
10195#,neighborhood_5
12281#,neighborhood_6
14371#,neighborhood_7
16461#,neighborhood_8
18551#,neighborhood_9
19289#,structure_2
19360#,structure_3
19456#,structure_4
19560#,structure_5
19664#,structure_6
19768#,structure_7
19872#,structure_8
19976#,structure_9
2482#,neighborhood_1
4246#,neighborhood_2
6138#,neighborhood_3
8136#,neighborhood_4
10196#,neighborhood_5
12282#,neighborhood_6
14372#,neighborhood_7
16462#,neighborhood_8
18552#,neighborhood_9
19290#,structure_2
19361#,structure_3
19457#,structure_4
19561#,structure_5
19665#,structure_6
19769#,structure_7
19873#,structure_8
19977#,structure_9
2483#,neighborhood_1
4247#,neighborhood_2
6139#,neighborhood_3
8137#,neighborhood_4
10197#,neighborhood_5
12283#,neighborhood_6
14373#,neighborhood_7
16463#,neighborhood_8
18553#,neighborhood_9
19291#,structure_2
19362#,structure_3
19458#,structure_4
19562#,structure_5
19666#,structure_6
19770#,structure_7
19874#,structure_8
19978#,structure_9
2484#,neighborhood_1
4248#,neighborhood_2
6140#,neighborhood_3
8138#,neighborhood_4
10198#,neighborhood_5
12284#,neighborhood_6
14374#,neighborhood_7
16464#,neighborhood_8
18554#,neighborhood_9
19363#,structure_3
19459#,structure_4
19563#,structure_5
19667#,structure_6
19771#,structure_7
19875#,structure_8
19979#,structure_9
2485#,neighborhood_1
4249#,neighborhood_2
6141#,neighborhood_3
8139#,neighborhood_4
10199#,neighborhood_5
12285#,neighborhood_6
14375#,neighborhood_7
16465#,neighborhood_8
18555#,neighborhood_9
19364#,structure_3
19460#,structure_4
19564#,structure_5
19668#,structure_6
19772#,structure_7
19876#,structure_8
19980#,structure_9
2486#,neighborhood_1
4250#,neighborhood_2
6142#,neighborhood_3
8140#,neighborhood_4
10200#,neighborhood_5
12286#,neighborhood_6
14376#,neighborhood_7
16466#,neighborhood_8
18556#,neighborhood_9
19365#,structure_3
19461#,structure_4
19565#,structure_5
19669#,structure_6
19773#,structure_7
19877#,structure_8
19981#,structure_9
2487#,neighborhood_1
4251#,neighborhood_2
6143#,neighborhood_3
8141#,neighborhood_4
10201#,neighborhood_5
12287#,neighborhood_6
14377#,neighborhood_7
16467#,neighborhood_8
18557#,neighborhood_9
19462#,structure_4
19566#,structure_5
19670#,structure_6
19774#,structure_7
19878#,structure_8
19982#,structure_9
2488#,neighborhood_1
4252#,neighborhood_2
6144#,neighborhood_3
8142#,neighborhood_4
10202#,neighborhood_5
12288#,neighborhood_6
14378#,neighborhood_7
16468#,neighborhood_8
18558#,neighborhood_9
19366#,structure_3
19463#,structure_4
19567#,structure_5
19671#,structure_6
19775#,structure_7
19879#,structure_8
19983#,structure_9
2613#,neighborhood_1
4388#,neighborhood_2
6294#,neighborhood_3
8301#,neighborhood_4
10367#,neighborhood_5
12453#,neighborhood_6
14543#,neighborhood_7
16633#,neighborhood_8
18723#,neighborhood_9
19367#,structure_3
19464#,structure_4
19568#,structure_5
19672#,structure_6
19776#,structure_7
19880#,structure_8
19984#,structure_9
2614#,neighborhood_1
4389#,neighborhood_2
6295#,neighborhood_3
8302#,neighborhood_4
10368#,neighborhood_5
12454#,neighborhood_6
14544#,neighborhood_7
16634#,neighborhood_8
18724#,neighborhood_9
19292#,structure_2
19368#,structure_3
19465#,structure_4
19569#,structure_5
19673#,structure_6
19777#,structure_7
19881#,structure_8
19985#,structure_9
2615#,neighborhood_1
4390#,neighborhood_2
6296#,neighborhood_3
8303#,neighborhood_4
10369#,neighborhood_5
12455#,neighborhood_6
14545#,neighborhood_7
16635#,neighborhood_8
18725#,neighborhood_9
19293#,structure_2
19369#,structure_3
19466#,structure_4
19570#,structure_5
19674#,structure_6
19778#,structure_7
19882#,structure_8
19986#,structure_9
2616#,neighborhood_1
4391#,neighborhood_2
6297#,neighborhood_3
8304#,neighborhood_4
10370#,neighborhood_5
12456#,neighborhood_6
14546#,neighborhood_7
16636#,neighborhood_8
18726#,neighborhood_9
19294#,structure_2
19370#,structure_3
19467#,structure_4
19571#,structure_5
19675#,structure_6
19779#,structure_7
19883#,structure_8
19987#,structure_9
2617#,neighborhood_1
4392#,neighborhood_2
6298#,neighborhood_3
8305#,neighborhood_4
10371#,neighborhood_5
12457#,neighborhood_6
14547#,neighborhood_7
16637#,neighborhood_8
18727#,neighborhood_9
19295#,structure_2
19371#,structure_3
19468#,structure_4
19572#,structure_5
19676#,structure_6
19780#,structure_7
19884#,structure_8
19988#,structure_9
2618#,neighborhood_1
4393#,neighborhood_2
6299#,neighborhood_3
8306#,neighborhood_4
10372#,neighborhood_5
12458#,neighborhood_6
14548#,neighborhood_7
16638#,neighborhood_8
18728#,neighborhood_9
19372#,structure_3
19469#,structure_4
19573#,structure_5
19677#,structure_6
19781#,structure_7
19885#,structure_8
19989#,structure_9
2619#,neighborhood_1
4394#,neighborhood_2
6300#,neighborhood_3
8307#,neighborhood_4
10373#,neighborhood_5
12459#,neighborhood_6
14549#,neighborhood_7
16639#,neighborhood_8
18729#,neighborhood_9
2620#,neighborhood_1
4395#,neighborhood_2
6301#,neighborhood_3
8308#,neighborhood_4
10374#,neighborhood_5
12460#,neighborhood_6
14550#,neighborhood_7
16640#,neighborhood_8
18730#,neighborhood_9
19373#,structure_3
19470#,structure_4
19574#,structure_5
19678#,structure_6
19782#,structure_7
19886#,structure_8
19990#,structure_9
2621#,neighborhood_1
4396#,neighborhood_2
6302#,neighborhood_3
8309#,neighborhood_4
10375#,neighborhood_5
12461#,neighborhood_6
14551#,neighborhood_7
16641#,neighborhood_8
18731#,neighborhood_9
19374#,structure_3
19471#,structure_4
19575#,structure_5
19679#,structure_6
19783#,structure_7
19887#,structure_8
19991#,structure_9
2763#,neighborhood_1
4548#,neighborhood_2
6468#,neighborhood_3
8485#,neighborhood_4
10559#,neighborhood_5
12645#,neighborhood_6
14735#,neighborhood_7
16825#,neighborhood_8
18915#,neighborhood_9
19472#,structure_4
19576#,structure_5
19680#,structure_6
19784#,structure_7
19888#,structure_8
19992#,structure_9
2764#,neighborhood_1
4549#,neighborhood_2
6469#,neighborhood_3
8486#,neighborhood_4
10560#,neighborhood_5
12646#,neighborhood_6
14736#,neighborhood_7
16826#,neighborhood_8
18916#,neighborhood_9
19375#,structure_3
19473#,structure_4
19577#,structure_5
19681#,structure_6
19785#,structure_7
19889#,structure_8
19993#,structure_9
2765#,neighborhood_1
4550#,neighborhood_2
6470#,neighborhood_3
8487#,neighborhood_4
10561#,neighborhood_5
12647#,neighborhood_6
14737#,neighborhood_7
16827#,neighborhood_8
18917#,neighborhood_9
19296#,structure_2
19376#,structure_3
19474#,structure_4
19578#,structure_5
19682#,structure_6
19786#,structure_7
19890#,structure_8
19994#,structure_9
2766#,neighborhood_1
4551#,neighborhood_2
6471#,neighborhood_3
8488#,neighborhood_4
10562#,neighborhood_5
12648#,neighborhood_6
14738#,neighborhood_7
16828#,neighborhood_8
18918#,neighborhood_9
19377#,structure_3
19475#,structure_4
19579#,structure_5
19683#,structure_6
19787#,structure_7
19891#,structure_8
19995#,structure_9
2767#,neighborhood_1
4552#,neighborhood_2
6472#,neighborhood_3
8489#,neighborhood_4
10563#,neighborhood_5
12649#,neighborhood_6
14739#,neighborhood_7
16829#,neighborhood_8
18919#,neighborhood_9
19476#,structure_4
19580#,structure_5
19684#,structure_6
19788#,structure_7
19892#,structure_8
19996#,structure_9
2806#,neighborhood_1
4593#,neighborhood_2
6516#,neighborhood_3
8533#,neighborhood_4
10607#,neighborhood_5
12693#,neighborhood_6
14783#,neighborhood_7
16873#,neighborhood_8
18963#,neighborhood_9
19378#,structure_3
19477#,structure_4
19581#,structure_5
19685#,structure_6
19789#,structure_7
19893#,structure_8
19997#,structure_9
2807#,neighborhood_1
4594#,neighborhood_2
6517#,neighborhood_3
8534#,neighborhood_4
10608#,neighborhood_5
12694#,neighborhood_6
14784#,neighborhood_7
16874#,neighborhood_8
18964#,neighborhood_9
19297#,structure_2
19379#,structure_3
19478#,structure_4
19582#,structure_5
19686#,structure_6
19790#,structure_7
19894#,structure_8
19998#,structure_9
2808#,neighborhood_1
4595#,neighborhood_2
6518#,neighborhood_3
8535#,neighborhood_4
10609#,neighborhood_5
12695#,neighborhood_6
14785#,neighborhood_7
16875#,neighborhood_8
18965#,neighborhood_9
19380#,structure_3
19479#,structure_4
19583#,structure_5
19687#,structure_6
19791#,structure_7
19895#,structure_8
19999#,structure_9
2809#,neighborhood_1
4596#,neighborhood_2
6519#,neighborhood_3
8536#,neighborhood_4
10610#,neighborhood_5
12696#,neighborhood_6
14786#,neighborhood_7
16876#,neighborhood_8
18966#,neighborhood_9
19381#,structure_3
19480#,structure_4
19584#,structure_5
19688#,structure_6
19792#,structure_7
19896#,structure_8
20000#,structure_9
2810#,neighborhood_1
4597#,neighborhood_2
6520#,neighborhood_3
8537#,neighborhood_4
10611#,neighborhood_5
12697#,neighborhood_6
14787#,neighborhood_7
16877#,neighborhood_8
18967#,neighborhood_9
19481#,structure_4
19585#,structure_5
19689#,structure_6
19793#,structure_7
19897#,structure_8
20001#,structure_9
2811#,neighborhood_1
4598#,neighborhood_2
6521#,neighborhood_3
8538#,neighborhood_4
10612#,neighborhood_5
12698#,neighborhood_6
14788#,neighborhood_7
16878#,neighborhood_8
18968#,neighborhood_9
19482#,structure_4
19586#,structure_5
19690#,structure_6
19794#,structure_7
19898#,structure_8
20002#,structure_9
2867#,neighborhood_1
4657#,neighborhood_2
6584#,neighborhood_3
8602#,neighborhood_4
10676#,neighborhood_5
12762#,neighborhood_6
14852#,neighborhood_7
16942#,neighborhood_8
19032#,neighborhood_9
19298#,structure_2
19382#,structure_3
19483#,structure_4
19587#,structure_5
19691#,structure_6
19795#,structure_7
19899#,structure_8
20003#,structure_9
2868#,neighborhood_1
4658#,neighborhood_2
6585#,neighborhood_3
8603#,neighborhood_4
10677#,neighborhood_5
12763#,neighborhood_6
14853#,neighborhood_7
16943#,neighborhood_8
19033#,neighborhood_9
19383#,structure_3
19484#,structure_4
19588#,structure_5
19692#,structure_6
19796#,structure_7
19900#,structure_8
20004#,structure_9
2869#,neighborhood_1
4659#,neighborhood_2
6586#,neighborhood_3
8604#,neighborhood_4
10678#,neighborhood_5
12764#,neighborhood_6
14854#,neighborhood_7
16944#,neighborhood_8
19034#,neighborhood_9
19255#,structure_1
19299#,structure_2
19384#,structure_3
19485#,structure_4
19589#,structure_5
19693#,structure_6
19797#,structure_7
19901#,structure_8
20005#,structure_9
2870#,neighborhood_1
4660#,neighborhood_2
6587#,neighborhood_3
8605#,neighborhood_4
10679#,neighborhood_5
12765#,neighborhood_6
14855#,neighborhood_7
16945#,neighborhood_8
19035#,neighborhood_9
19300#,structure_2
19385#,structure_3
19486#,structure_4
19590#,structure_5
19694#,structure_6
19798#,structure_7
19902#,structure_8
20006#,structure_9
2871#,neighborhood_1
4661#,neighborhood_2
6588#,neighborhood_3
8606#,neighborhood_4
10680#,neighborhood_5
12766#,neighborhood_6
14856#,neighborhood_7
16946#,neighborhood_8
19036#,neighborhood_9
2872#,neighborhood_1
4662#,neighborhood_2
6589#,neighborhood_3
8607#,neighborhood_4
10681#,neighborhood_5
12767#,neighborhood_6
14857#,neighborhood_7
16947#,neighborhood_8
19037#,neighborhood_9
2917#,neighborhood_1
4708#,neighborhood_2
6638#,neighborhood_3
8656#,neighborhood_4
10730#,neighborhood_5
12816#,neighborhood_6
14906#,neighborhood_7
16996#,neighborhood_8
19086#,neighborhood_9
19256#,structure_1
19301#,structure_2
19386#,structure_3
19487#,structure_4
19591#,structure_5
19695#,structure_6
19799#,structure_7
19903#,structure_8
20007#,structure_9
2918#,neighborhood_1
4709#,neighborhood_2
6639#,neighborhood_3
8657#,neighborhood_4
10731#,neighborhood_5
12817#,neighborhood_6
14907#,neighborhood_7
16997#,neighborhood_8
19087#,neighborhood_9
19302#,structure_2
19387#,structure_3
19488#,structure_4
19592#,structure_5
19696#,structure_6
19800#,structure_7
19904#,structure_8
20008#,structure_9
2919#,neighborhood_1
4710#,neighborhood_2
6640#,neighborhood_3
8658#,neighborhood_4
10732#,neighborhood_5
12818#,neighborhood_6
14908#,neighborhood_7
16998#,neighborhood_8
19088#,neighborhood_9
19303#,structure_2
19388#,structure_3
19489#,structure_4
19593#,structure_5
19697#,structure_6
19801#,structure_7
19905#,structure_8
20009#,structure_9
2920#,neighborhood_1
4711#,neighborhood_2
6641#,neighborhood_3
8659#,neighborhood_4
10733#,neighborhood_5
12819#,neighborhood_6
14909#,neighborhood_7
16999#,neighborhood_8
19089#,neighborhood_9
19389#,structure_3
19490#,structure_4
19594#,structure_5
19698#,structure_6
19802#,structure_7
19906#,structure_8
20010#,structure_9
2921#,neighborhood_1
4712#,neighborhood_2
6642#,neighborhood_3
8660#,neighborhood_4
10734#,neighborhood_5
12820#,neighborhood_6
14910#,neighborhood_7
17000#,neighborhood_8
19090#,neighborhood_9
19390#,structure_3
19491#,structure_4
19595#,structure_5
19699#,structure_6
19803#,structure_7
19907#,structure_8
20011#,structure_9
2922#,neighborhood_1
4713#,neighborhood_2
6643#,neighborhood_3
8661#,neighborhood_4
10735#,neighborhood_5
12821#,neighborhood_6
14911#,neighborhood_7
17001#,neighborhood_8
19091#,neighborhood_9
19492#,structure_4
19596#,structure_5
19700#,structure_6
19804#,structure_7
19908#,structure_8
20012#,structure_9
2923#,neighborhood_1
4714#,neighborhood_2
6644#,neighborhood_3
8662#,neighborhood_4
10736#,neighborhood_5
12822#,neighborhood_6
14912#,neighborhood_7
17002#,neighborhood_8
19092#,neighborhood_9
